group,dates,impression
group_1,1.01.2019,330035
group_1,2.01.2019,508331
group_1,3.01.2019,517603
group_1,4.01.2019,497423
group_1,5.01.2019,356747
group_1,6.01.2019,365048
group_1,7.01.2019,528592
group_1,8.01.2019,562670
group_1,9.01.2019,564876
group_1,10.01.2019,605452
group_1,11.01.2019,571147
group_1,12.01.2019,436904
group_1,13.01.2019,520304
group_1,14.01.2019,673743
group_1,15.01.2019,655291
group_1,16.01.2019,624869
group_1,17.01.2019,589670
group_1,18.01.2019,532473
group_1,19.01.2019,407929
group_1,20.01.2019,473284
group_1,21.01.2019,679490
group_1,22.01.2019,790533
group_1,23.01.2019,715087
group_1,24.01.2019,709586
group_1,25.01.2019,669052
group_1,26.01.2019,459164
group_1,27.01.2019,483222
group_1,28.01.2019,673467
group_1,29.01.2019,633441
group_1,30.01.2019,633792
group_1,31.01.2019,600079
group_1,1.02.2019,536240
group_1,2.02.2019,348705
group_1,3.02.2019,387804
group_1,4.02.2019,595058
group_1,5.02.2019,639519
group_1,6.02.2019,641367
group_1,7.02.2019,629275
group_1,8.02.2019,578114
group_1,9.02.2019,352216
group_1,10.02.2019,396056
group_1,11.02.2019,624693
group_1,12.02.2019,648218
group_1,13.02.2019,695624
group_1,14.02.2019,656073
group_1,15.02.2019,616512
group_1,16.02.2019,436741
group_1,17.02.2019,514448
group_1,18.02.2019,726442
group_1,19.02.2019,714689
group_1,20.02.2019,671238
group_1,21.02.2019,643577
group_1,22.02.2019,610433
group_1,23.02.2019,440793
group_1,24.02.2019,499960
group_1,25.02.2019,687487
group_1,26.02.2019,701616
group_1,27.02.2019,650179
group_1,28.02.2019,627123
group_1,1.03.2019,626886
group_1,2.03.2019,397034
group_1,3.03.2019,440161
group_1,4.03.2019,660770
group_1,5.03.2019,668363
group_1,6.03.2019,602171
group_1,7.03.2019,576478
group_1,8.03.2019,492360
group_1,9.03.2019,329337
group_1,10.03.2019,290665
group_1,11.03.2019,354384
group_1,12.03.2019,614485
group_1,13.03.2019,634919
group_1,14.03.2019,595250
group_1,15.03.2019,608639
group_1,16.03.2019,370772
group_1,17.03.2019,385012
group_1,18.03.2019,584495
group_1,19.03.2019,516878
group_1,20.03.2019,557672
group_1,21.03.2019,537185
group_1,22.03.2019,476564
group_1,23.03.2019,303038
group_1,24.03.2019,331465
group_1,25.03.2019,338946
group_1,26.03.2019,520477
group_1,27.03.2019,512859
group_1,28.03.2019,567842
group_1,29.03.2019,493569
group_1,30.03.2019,305449
group_1,31.03.2019,323474
group_1,1.04.2019,531235
group_1,2.04.2019,535951
group_1,3.04.2019,513725
group_1,4.04.2019,486793
group_1,5.04.2019,424399
group_1,6.04.2019,324649
group_1,7.04.2019,347445
group_1,8.04.2019,485603
group_1,9.04.2019,495022
group_1,10.04.2019,548277
group_1,11.04.2019,79033
group_1,12.04.2019,440466
group_1,13.04.2019,15027
group_1,14.04.2019,4916
group_1,15.04.2019,462789
group_1,16.04.2019,350757
group_1,17.04.2019,527707
group_1,18.04.2019,385940
group_1,19.04.2019,268541
group_1,20.04.2019,194366
group_1,21.04.2019,9629
group_1,22.04.2019,10067
group_1,23.04.2019,175948
group_1,24.04.2019,52619
group_1,25.04.2019,2889
group_1,26.04.2019,143424
group_1,27.04.2019,138407
group_1,28.04.2019,16626
group_1,29.04.2019,6830
group_1,30.04.2019,15406
group_1,1.05.2019,210557
group_1,2.05.2019,114195
group_1,3.05.2019,236895
group_1,4.05.2019,197503
group_1,5.05.2019,230323
group_1,6.05.2019,320394
group_1,7.05.2019,314998
group_1,8.05.2019,84852
group_1,9.05.2019,32077
group_1,10.05.2019,268343
group_1,11.05.2019,169602
group_1,12.05.2019,175037
group_1,13.05.2019,19048
group_1,14.05.2019,256405
group_1,15.05.2019,85194
group_1,16.05.2019,8398
group_1,17.05.2019,254791
group_1,18.05.2019,21934
group_1,19.05.2019,6719
group_1,20.05.2019,8236
group_1,21.05.2019,296299
group_1,22.05.2019,58904
group_1,23.05.2019,15077
group_1,24.05.2019,13660
group_1,25.05.2019,9795
group_1,26.05.2019,16559
group_1,27.05.2019,301268
group_1,28.05.2019,41681
group_1,29.05.2019,8777
group_1,30.05.2019,14399
group_1,31.05.2019,51300
group_1,1.06.2019,153186
group_1,2.06.2019,223940
group_1,3.06.2019,330134
group_1,4.06.2019,326092
group_1,5.06.2019,309797
group_1,6.06.2019,302528
group_1,7.06.2019,262753
group_1,8.06.2019,164039
group_1,9.06.2019,185347
group_1,10.06.2019,301281
group_1,11.06.2019,295380
group_1,12.06.2019,298042
group_1,13.06.2019,301706
group_1,14.06.2019,243792
group_1,15.06.2019,146390
group_1,16.06.2019,128351
group_1,17.06.2019,221992
group_1,18.06.2019,289650
group_1,19.06.2019,281462
group_1,20.06.2019,268277
group_1,21.06.2019,193637
group_1,22.06.2019,127628
group_1,23.06.2019,181543
group_1,24.06.2019,306698
group_1,25.06.2019,249001
group_1,26.06.2019,46406
group_1,27.06.2019,80774
group_1,28.06.2019,52051
group_1,29.06.2019,8317
group_1,30.06.2019,26670
group_1,1.07.2019,137089
group_1,2.07.2019,241025
group_1,3.07.2019,228349
group_1,4.07.2019,101313
group_1,5.07.2019,207094
group_1,6.07.2019,170630
group_1,7.07.2019,190691
group_1,8.07.2019,283811
group_1,9.07.2019,264542
group_1,10.07.2019,66145
group_1,11.07.2019,165941
group_1,12.07.2019,210706
group_1,13.07.2019,82525
group_1,14.07.2019,62826
group_1,15.07.2019,340738
group_1,16.07.2019,260253
group_1,17.07.2019,273602
group_1,18.07.2019,16202
group_1,19.07.2019,172518
group_1,20.07.2019,167103
group_1,21.07.2019,202711
group_1,22.07.2019,321841
group_1,23.07.2019,348210
group_1,24.07.2019,339116
group_1,25.07.2019,325058
group_1,26.07.2019,273534
group_1,27.07.2019,167564
group_1,28.07.2019,224658
group_1,29.07.2019,345518
group_1,30.07.2019,345348
group_1,31.07.2019,335927
group_1,1.08.2019,313038
group_1,2.08.2019,316281
group_1,3.08.2019,190527
group_1,4.08.2019,184442
group_1,5.08.2019,309645
group_1,6.08.2019,299645
group_1,7.08.2019,305961
group_1,8.08.2019,285688
group_1,9.08.2019,253452
group_1,10.08.2019,173714
group_1,11.08.2019,182910
group_1,12.08.2019,266309
group_1,13.08.2019,274906
group_1,14.08.2019,228775
group_1,15.08.2019,165402
group_1,16.08.2019,211392
group_1,17.08.2019,171384
group_1,18.08.2019,208601
group_1,19.08.2019,319880
group_1,20.08.2019,320001
group_1,21.08.2019,314522
group_1,22.08.2019,330545
group_1,23.08.2019,306785
group_1,24.08.2019,198196
group_1,25.08.2019,245269
group_1,26.08.2019,384362
group_1,27.08.2019,373865
group_1,28.08.2019,375713
group_1,29.08.2019,347301
group_1,30.08.2019,326030
group_1,31.08.2019,219667
group_1,1.09.2019,253029
group_1,2.09.2019,408374
group_1,3.09.2019,384513
group_1,4.09.2019,357917
group_1,5.09.2019,482204
group_1,6.09.2019,456503
group_1,7.09.2019,301925
group_1,8.09.2019,319693
group_1,9.09.2019,560919
group_1,10.09.2019,483642
group_1,11.09.2019,434626
group_1,12.09.2019,465720
group_1,13.09.2019,375376
group_1,14.09.2019,252188
group_1,15.09.2019,267702
group_1,16.09.2019,426384
group_1,17.09.2019,423911
group_1,18.09.2019,401373
group_1,19.09.2019,398289
group_1,20.09.2019,378573
group_1,21.09.2019,234746
group_1,22.09.2019,269046
group_1,23.09.2019,424565
group_1,24.09.2019,483815
group_1,25.09.2019,419092
group_1,26.09.2019,438485
group_1,27.09.2019,368933
group_1,28.09.2019,215756
group_1,29.09.2019,266831
group_1,30.09.2019,434181
group_1,1.10.2019,485259
group_1,2.10.2019,506003
group_1,3.10.2019,456184
group_1,4.10.2019,433362
group_1,5.10.2019,264854
group_1,6.10.2019,299978
group_1,7.10.2019,494060
group_1,8.10.2019,455138
group_1,9.10.2019,472355
group_1,10.10.2019,472133
group_1,11.10.2019,398515
group_1,12.10.2019,245475
group_1,13.10.2019,288531
group_1,14.10.2019,438984
group_1,15.10.2019,408790
group_1,16.10.2019,401104
group_1,17.10.2019,392488
group_1,18.10.2019,334066
group_1,19.10.2019,229250
group_1,20.10.2019,272322
group_1,21.10.2019,406054
group_1,22.10.2019,377356
group_1,23.10.2019,382790
group_1,24.10.2019,378945
group_1,25.10.2019,342557
group_1,26.10.2019,211473
group_1,27.10.2019,234150
group_1,28.10.2019,246922
group_1,29.10.2019,459327
group_1,30.10.2019,455765
group_1,31.10.2019,496313
group_1,1.11.2019,418746
group_1,2.11.2019,249240
group_1,3.11.2019,303253
group_1,4.11.2019,432814
group_1,5.11.2019,391684
group_1,6.11.2019,376298
group_1,7.11.2019,393653
group_1,8.11.2019,352323
group_1,9.11.2019,241465
group_1,10.11.2019,267167
group_1,11.11.2019,426572
group_1,12.11.2019,399755
group_1,13.11.2019,432303
group_1,14.11.2019,420391
group_1,15.11.2019,337931
group_1,16.11.2019,218293
group_1,17.11.2019,289480
group_1,18.11.2019,423378
group_1,19.11.2019,410433
group_1,20.11.2019,409281
group_1,21.11.2019,408963
group_1,22.11.2019,351051
group_1,23.11.2019,234873
group_1,24.11.2019,240468
group_1,25.11.2019,372287
group_1,26.11.2019,397806
group_1,27.11.2019,370626
group_1,28.11.2019,346370
group_1,29.11.2019,296389
group_1,30.11.2019,207806
group_1,1.12.2019,219095
group_1,2.12.2019,386071
group_1,3.12.2019,423464
group_1,4.12.2019,417736
group_1,5.12.2019,391632
group_1,6.12.2019,341575
group_1,7.12.2019,237914
group_1,8.12.2019,264440
group_1,9.12.2019,399547
group_1,10.12.2019,436672
group_1,11.12.2019,448791
group_1,12.12.2019,420464
group_1,13.12.2019,424924
group_1,14.12.2019,267098
group_1,15.12.2019,258238
group_1,16.12.2019,368087
group_1,17.12.2019,398103
group_1,18.12.2019,378890
group_1,19.12.2019,354690
group_1,20.12.2019,351542
group_1,21.12.2019,239226
group_1,22.12.2019,265312
group_1,23.12.2019,253958
group_1,24.12.2019,215652
group_1,25.12.2019,155327
group_1,26.12.2019,226674
group_1,27.12.2019,282879
group_1,28.12.2019,230467
group_1,29.12.2019,250654
group_1,30.12.2019,359914
group_1,31.12.2019,228271
group_1,1.01.2020,206732
group_1,2.01.2020,379231
group_1,3.01.2020,353157
group_1,4.01.2020,250568
group_1,5.01.2020,276564
group_1,6.01.2020,310031
group_1,7.01.2020,424625
group_1,8.01.2020,443750
group_1,9.01.2020,443496
group_1,10.01.2020,382238
group_1,11.01.2020,252098
group_1,12.01.2020,284408
group_1,13.01.2020,435428
group_1,14.01.2020,431894
group_1,15.01.2020,455156
group_1,16.01.2020,459802
group_1,17.01.2020,400967
group_1,18.01.2020,250104
group_1,19.01.2020,279682
group_1,20.01.2020,477887
group_1,21.01.2020,465182
group_1,22.01.2020,436560
group_1,23.01.2020,448878
group_1,24.01.2020,413023
group_1,25.01.2020,266592
group_1,26.01.2020,332624
group_1,27.01.2020,514711
group_1,28.01.2020,509527
group_1,29.01.2020,486507
group_1,30.01.2020,505319
group_1,31.01.2020,432897
group_1,1.02.2020,244851
group_1,2.02.2020,298124
group_1,3.02.2020,499818
group_1,4.02.2020,473303
group_1,5.02.2020,498633
group_1,6.02.2020,473107
group_1,7.02.2020,384491
group_1,8.02.2020,268854
group_1,9.02.2020,304151
group_1,10.02.2020,456960
group_1,11.02.2020,443557
group_1,12.02.2020,465467
group_1,13.02.2020,470928
group_1,14.02.2020,404377
group_1,15.02.2020,253088
group_1,16.02.2020,273382
group_1,17.02.2020,499386
group_1,18.02.2020,527181
group_2,1.01.2019,173689
group_2,2.01.2019,159195
group_2,3.01.2019,158396
group_2,4.01.2019,287735
group_2,5.01.2019,263412
group_2,6.01.2019,810750
group_2,7.01.2019,1196030
group_2,8.01.2019,1208173
group_2,9.01.2019,1466519
group_2,10.01.2019,250830
group_2,11.01.2019,469716
group_2,12.01.2019,672793
group_2,13.01.2019,1291684
group_2,14.01.2019,898966
group_2,15.01.2019,1319708
group_2,16.01.2019,1352664
group_2,17.01.2019,1257803
group_2,18.01.2019,618667
group_2,19.01.2019,664049
group_2,20.01.2019,1335333
group_2,21.01.2019,1417950
group_2,22.01.2019,1331264
group_2,23.01.2019,1377403
group_2,24.01.2019,1309873
group_2,25.01.2019,306169
group_2,26.01.2019,109676
group_2,27.01.2019,180546
group_2,28.01.2019,173144
group_2,29.01.2019,583697
group_2,30.01.2019,1351116
group_2,31.01.2019,1219056
group_2,1.02.2019,641884
group_2,2.02.2019,680061
group_2,3.02.2019,1340203
group_2,4.02.2019,1374972
group_2,5.02.2019,1425306
group_2,6.02.2019,1497321
group_2,7.02.2019,1339012
group_2,8.02.2019,713803
group_2,9.02.2019,730898
group_2,10.02.2019,1459229
group_2,11.02.2019,1454985
group_2,12.02.2019,1473434
group_2,13.02.2019,1761442
group_2,14.02.2019,1671918
group_2,15.02.2019,1190392
group_2,16.02.2019,1309551
group_2,17.02.2019,1838155
group_2,18.02.2019,1898252
group_2,19.02.2019,1934375
group_2,20.02.2019,1726202
group_2,21.02.2019,1291392
group_2,22.02.2019,623740
group_2,23.02.2019,655345
group_2,24.02.2019,1410028
group_2,25.02.2019,1380720
group_2,26.02.2019,1394978
group_2,27.02.2019,1455903
group_2,28.02.2019,1252891
group_2,1.03.2019,691536
group_2,2.03.2019,750345
group_2,3.03.2019,1443399
group_2,4.03.2019,1366943
group_2,5.03.2019,1236062
group_2,6.03.2019,1146982
group_2,7.03.2019,1020355
group_2,8.03.2019,531215
group_2,9.03.2019,614227
group_2,10.03.2019,1139241
group_2,11.03.2019,1362061
group_2,12.03.2019,1431318
group_2,13.03.2019,1602016
group_2,14.03.2019,1455879
group_2,15.03.2019,734463
group_2,16.03.2019,657059
group_2,17.03.2019,1293016
group_2,18.03.2019,1195470
group_2,19.03.2019,664480
group_2,20.03.2019,864886
group_2,21.03.2019,644085
group_2,22.03.2019,476858
group_2,23.03.2019,89704
group_2,24.03.2019,142929
group_2,25.03.2019,148212
group_2,26.03.2019,164040
group_2,27.03.2019,99459
group_2,28.03.2019,64234
group_2,29.03.2019,56812
group_2,30.03.2019,44876
group_2,31.03.2019,95075
group_2,1.04.2019,86196
group_2,2.04.2019,59947
group_2,3.04.2019,36280
group_2,4.04.2019,43148
group_2,5.04.2019,55431
group_2,6.04.2019,42680
group_2,7.04.2019,63854
group_2,8.04.2019,19426
group_2,9.04.2019,291374
group_2,10.04.2019,1350743
group_2,11.04.2019,1046011
group_2,12.04.2019,31651
group_2,13.04.2019,885
group_2,14.04.2019,251
group_2,15.04.2019,242
group_2,16.04.2019,667589
group_2,17.04.2019,106846
group_2,18.04.2019,193
group_2,19.04.2019,150026
group_2,20.04.2019,9044
group_2,21.04.2019,227
group_2,22.04.2019,235
group_2,23.04.2019,203
group_2,24.04.2019,267
group_2,25.04.2019,270565
group_2,26.04.2019,8170
group_2,27.04.2019,183
group_2,28.04.2019,236
group_2,29.04.2019,348
group_2,30.04.2019,221
group_2,1.05.2019,303
group_2,2.05.2019,207196
group_2,3.05.2019,240
group_2,4.05.2019,306
group_2,5.05.2019,286
group_2,6.05.2019,39591
group_2,7.05.2019,31771
group_2,8.05.2019,28376
group_2,9.05.2019,100
group_2,10.05.2019,93
group_2,11.05.2019,33
group_2,12.05.2019,67
group_2,13.05.2019,41
group_2,14.05.2019,12
group_2,15.05.2019,96
group_2,16.05.2019,49
group_2,17.05.2019,22
group_2,18.05.2019,66
group_2,19.05.2019,66
group_2,20.05.2019,75
group_2,21.05.2019,45
group_2,22.05.2019,56
group_2,23.05.2019,76
group_2,24.05.2019,97
group_2,25.05.2019,54
group_2,26.05.2019,49
group_2,27.05.2019,15
group_2,28.05.2019,95
group_2,29.05.2019,90
group_2,30.05.2019,42
group_2,31.05.2019,89
group_2,1.06.2019,21
group_2,2.06.2019,25
group_2,3.06.2019,93
group_2,4.06.2019,88
group_2,5.06.2019,88
group_2,6.06.2019,38
group_2,7.06.2019,65
group_2,8.06.2019,44
group_2,9.06.2019,99
group_2,10.06.2019,23
group_2,11.06.2019,94
group_2,12.06.2019,26
group_2,13.06.2019,97
group_2,14.06.2019,40
group_2,15.06.2019,50
group_2,16.06.2019,13
group_2,17.06.2019,54
group_2,18.06.2019,1084
group_2,19.06.2019,1614
group_2,20.06.2019,12148
group_2,21.06.2019,115588
group_2,22.06.2019,129266
group_2,23.06.2019,293286
group_2,24.06.2019,255376
group_2,25.06.2019,2280
group_2,26.06.2019,2885
group_2,27.06.2019,3481
group_2,28.06.2019,1602
group_2,29.06.2019,1661
group_2,30.06.2019,3079
group_2,1.07.2019,2438
group_2,2.07.2019,2581
group_2,3.07.2019,4486
group_2,4.07.2019,222791
group_2,5.07.2019,129812
group_2,6.07.2019,228961
group_2,7.07.2019,428576
group_2,8.07.2019,55289
group_2,9.07.2019,2443
group_2,10.07.2019,3570
group_2,11.07.2019,2456
group_2,12.07.2019,1388
group_2,13.07.2019,1434
group_2,14.07.2019,1568
group_2,15.07.2019,1848
group_2,16.07.2019,1950
group_2,17.07.2019,1887
group_2,18.07.2019,1972
group_2,19.07.2019,35932
group_2,20.07.2019,119143
group_2,21.07.2019,307524
group_2,22.07.2019,320690
group_2,23.07.2019,316587
group_2,24.07.2019,284203
group_2,25.07.2019,236935
group_2,26.07.2019,104450
group_2,27.07.2019,148663
group_2,28.07.2019,319844
group_2,29.07.2019,322896
group_2,30.07.2019,341538
group_2,31.07.2019,340593
group_2,1.08.2019,281427
group_2,2.08.2019,131515
group_2,3.08.2019,187515
group_2,4.08.2019,365611
group_2,5.08.2019,343758
group_2,6.08.2019,338815
group_2,7.08.2019,332132
group_2,8.08.2019,282890
group_2,9.08.2019,127871
group_2,10.08.2019,166929
group_2,11.08.2019,311500
group_2,12.08.2019,311672
group_2,13.08.2019,319271
group_2,14.08.2019,339368
group_2,15.08.2019,289598
group_2,16.08.2019,152369
group_2,17.08.2019,202671
group_2,18.08.2019,377743
group_2,19.08.2019,357904
group_2,20.08.2019,351459
group_2,21.08.2019,336897
group_2,22.08.2019,277047
group_2,23.08.2019,144016
group_2,24.08.2019,205977
group_2,25.08.2019,373337
group_2,26.08.2019,361161
group_2,27.08.2019,363143
group_2,28.08.2019,335781
group_2,29.08.2019,306986
group_2,30.08.2019,143075
group_2,31.08.2019,190269
group_2,1.09.2019,367775
group_2,2.09.2019,396641
group_2,3.09.2019,394460
group_2,4.09.2019,367712
group_2,5.09.2019,303541
group_2,6.09.2019,142423
group_2,7.09.2019,196709
group_2,8.09.2019,374185
group_2,9.09.2019,368796
group_2,10.09.2019,364947
group_2,11.09.2019,400537
group_2,12.09.2019,329828
group_2,13.09.2019,161293
group_2,14.09.2019,209690
group_2,15.09.2019,401299
group_2,16.09.2019,335386
group_2,17.09.2019,239924
group_2,18.09.2019,410536
group_2,19.09.2019,330417
group_2,20.09.2019,155497
group_2,21.09.2019,202918
group_2,22.09.2019,373028
group_2,23.09.2019,434030
group_2,24.09.2019,441879
group_2,25.09.2019,381149
group_2,26.09.2019,259632
group_2,27.09.2019,74957
group_2,28.09.2019,83022
group_2,29.09.2019,65930
group_2,30.09.2019,68138
group_2,1.10.2019,111955
group_2,2.10.2019,191774
group_2,3.10.2019,163515
group_2,4.10.2019,79622
group_2,5.10.2019,105615
group_2,6.10.2019,184479
group_2,7.10.2019,184025
group_2,8.10.2019,90402
group_2,9.10.2019,104242
group_2,10.10.2019,160274
group_2,11.10.2019,66666
group_2,12.10.2019,77701
group_2,13.10.2019,60715
group_2,14.10.2019,89915
group_2,15.10.2019,157859
group_2,16.10.2019,144943
group_2,17.10.2019,134742
group_2,18.10.2019,70970
group_2,19.10.2019,78053
group_2,20.10.2019,74277
group_2,21.10.2019,102840
group_2,22.10.2019,191966
group_2,23.10.2019,213222
group_2,24.10.2019,158702
group_2,25.10.2019,75769
group_2,26.10.2019,103305
group_2,27.10.2019,211159
group_2,28.10.2019,215573
group_2,29.10.2019,204902
group_2,30.10.2019,198953
group_2,31.10.2019,167894
group_2,1.11.2019,64995
group_2,2.11.2019,84336
group_2,3.11.2019,205379
group_2,4.11.2019,204771
group_2,5.11.2019,183387
group_2,6.11.2019,160239
group_2,7.11.2019,143015
group_2,8.11.2019,69176
group_2,9.11.2019,104534
group_2,10.11.2019,201468
group_2,11.11.2019,193089
group_2,12.11.2019,180064
group_2,13.11.2019,172937
group_2,14.11.2019,142814
group_2,15.11.2019,65000
group_2,16.11.2019,95350
group_2,17.11.2019,174115
group_2,18.11.2019,182661
group_2,19.11.2019,168118
group_2,20.11.2019,171641
group_2,21.11.2019,154633
group_2,22.11.2019,63060
group_2,23.11.2019,90990
group_2,24.11.2019,173608
group_2,25.11.2019,180498
group_2,26.11.2019,179901
group_2,27.11.2019,173324
group_2,28.11.2019,136698
group_2,29.11.2019,52462
group_2,30.11.2019,100012
group_2,1.12.2019,190273
group_2,2.12.2019,186384
group_2,3.12.2019,175833
group_2,4.12.2019,179972
group_2,5.12.2019,156628
group_2,6.12.2019,55670
group_2,7.12.2019,90203
group_2,8.12.2019,179796
group_2,9.12.2019,191764
group_2,10.12.2019,170092
group_2,11.12.2019,158162
group_2,12.12.2019,140199
group_2,13.12.2019,57824
group_2,14.12.2019,94220
group_2,15.12.2019,195225
group_2,16.12.2019,182330
group_2,17.12.2019,161271
group_2,18.12.2019,154281
group_2,19.12.2019,140528
group_2,20.12.2019,55685
group_2,21.12.2019,93782
group_2,22.12.2019,172302
group_2,23.12.2019,114722
group_2,24.12.2019,149444
group_2,25.12.2019,156015
group_2,26.12.2019,150080
group_2,27.12.2019,45847
group_2,28.12.2019,52422
group_2,29.12.2019,93020
group_2,30.12.2019,93951
group_2,31.12.2019,90783
group_2,1.01.2020,94380
group_2,2.01.2020,87028
group_2,3.01.2020,38665
group_2,4.01.2020,62003
group_2,5.01.2020,122384
group_2,6.01.2020,99136
group_2,7.01.2020,130041
group_2,8.01.2020,184198
group_2,9.01.2020,140042
group_2,10.01.2020,50400
group_2,11.01.2020,80000
group_2,12.01.2020,157676
group_2,13.01.2020,166072
group_2,14.01.2020,164662
group_2,15.01.2020,147916
group_2,16.01.2020,125810
group_2,17.01.2020,50168
group_2,18.01.2020,82065
group_2,19.01.2020,164285
group_2,20.01.2020,165416
group_2,21.01.2020,159809
group_2,22.01.2020,143703
group_2,23.01.2020,125312
group_2,24.01.2020,58480
group_2,25.01.2020,86509
group_2,26.01.2020,170933
group_2,27.01.2020,157247
group_2,28.01.2020,147547
group_2,29.01.2020,154917
group_2,30.01.2020,139713
group_2,31.01.2020,45167
group_2,1.02.2020,74376
group_2,2.02.2020,148016
group_2,3.02.2020,152714
group_2,4.02.2020,160523
group_2,5.02.2020,159186
group_2,6.02.2020,134306
group_2,7.02.2020,55132
group_2,8.02.2020,86247
group_2,9.02.2020,162036
group_2,10.02.2020,171369
group_2,11.02.2020,147596
group_2,12.02.2020,153835
group_2,13.02.2020,135551
group_2,14.02.2020,54128
group_2,15.02.2020,82775
group_2,16.02.2020,182899
group_2,17.02.2020,165217
group_2,18.02.2020,171316
group_3,1.01.2019,38931
group_3,2.01.2019,46552
group_3,3.01.2019,33935
group_3,4.01.2019,24688
group_3,5.01.2019,48263
group_3,6.01.2019,61459
group_3,7.01.2019,58833
group_3,8.01.2019,61027
group_3,9.01.2019,58981
group_3,10.01.2019,41578
group_3,11.01.2019,24760
group_3,12.01.2019,44961
group_3,13.01.2019,60789
group_3,14.01.2019,61792
group_3,15.01.2019,61399
group_3,16.01.2019,60887
group_3,17.01.2019,40407
group_3,18.01.2019,26352
group_3,19.01.2019,47650
group_3,20.01.2019,57213
group_3,21.01.2019,59391
group_3,22.01.2019,57337
group_3,23.01.2019,58592
group_3,24.01.2019,40011
group_3,25.01.2019,25201
group_3,26.01.2019,45719
group_3,27.01.2019,63382
group_3,28.01.2019,59500
group_3,29.01.2019,58768
group_3,30.01.2019,62430
group_3,31.01.2019,39295
group_3,1.02.2019,24662
group_3,2.02.2019,47475
group_3,3.02.2019,63371
group_3,4.02.2019,64157
group_3,5.02.2019,64571
group_3,6.02.2019,61880
group_3,7.02.2019,39969
group_3,8.02.2019,27312
group_3,9.02.2019,51122
group_3,10.02.2019,63517
group_3,11.02.2019,61074
group_3,12.02.2019,60836
group_3,13.02.2019,59910
group_3,14.02.2019,37037
group_3,15.02.2019,28562
group_3,16.02.2019,51764
group_3,17.02.2019,62111
group_3,18.02.2019,64472
group_3,19.02.2019,58277
group_3,20.02.2019,57322
group_3,21.02.2019,33723
group_3,22.02.2019,20995
group_3,23.02.2019,30238
group_3,24.02.2019,26694
group_3,25.02.2019,17892
group_3,26.02.2019,40455
group_3,27.02.2019,62367
group_3,28.02.2019,37057
group_3,1.03.2019,24361
group_3,2.03.2019,44879
group_3,3.03.2019,62796
group_3,4.03.2019,62974
group_3,5.03.2019,58164
group_3,6.03.2019,58702
group_3,7.03.2019,36614
group_3,8.03.2019,24582
group_3,9.03.2019,47013
group_3,10.03.2019,57976
group_3,11.03.2019,63402
group_3,12.03.2019,61590
group_3,13.03.2019,32889
group_3,14.03.2019,44333
group_3,15.03.2019,24317
group_3,16.03.2019,47245
group_3,17.03.2019,61871
group_3,18.03.2019,60044
group_3,19.03.2019,58953
group_3,20.03.2019,64130
group_3,21.03.2019,36836
group_3,22.03.2019,23290
group_3,23.03.2019,4540
group_3,24.03.2019,121
group_3,25.03.2019,32044
group_3,26.03.2019,11736
group_3,27.03.2019,82
group_3,28.03.2019,25065
group_3,29.03.2019,8102
group_3,30.03.2019,79
group_3,31.03.2019,1528
group_3,1.04.2019,72
group_3,2.04.2019,41865
group_3,3.04.2019,37008
group_3,4.04.2019,18291
group_3,5.04.2019,22931
group_3,6.04.2019,43264
group_3,7.04.2019,60701
group_3,8.04.2019,11419
group_3,9.04.2019,21231
group_3,10.04.2019,61829
group_3,11.04.2019,17954
group_3,12.04.2019,22817
group_3,13.04.2019,44128
group_3,14.04.2019,62834
group_3,15.04.2019,58476
group_3,16.04.2019,58718
group_3,17.04.2019,30929
group_3,18.04.2019,111
group_3,19.04.2019,19617
group_3,20.04.2019,49192
group_3,21.04.2019,65090
group_3,22.04.2019,64297
group_3,23.04.2019,64827
group_3,24.04.2019,62646
group_3,25.04.2019,42367
group_3,26.04.2019,22934
group_3,27.04.2019,1922
group_3,28.04.2019,66
group_3,29.04.2019,70
group_3,30.04.2019,120
group_3,1.05.2019,75
group_3,2.05.2019,24481
group_3,3.05.2019,23662
group_3,4.05.2019,45038
group_3,5.05.2019,47314
group_3,6.05.2019,45150
group_3,7.05.2019,48427
group_3,8.05.2019,49246
group_3,9.05.2019,40002
group_3,10.05.2019,9860
group_3,11.05.2019,1943
group_3,12.05.2019,2004
group_3,13.05.2019,29466
group_3,14.05.2019,50144
group_3,15.05.2019,40488
group_3,16.05.2019,24785
group_3,17.05.2019,6645
group_3,18.05.2019,12664
group_3,19.05.2019,42788
group_3,20.05.2019,51622
group_3,21.05.2019,30089
group_3,22.05.2019,44687
group_3,23.05.2019,16162
group_3,24.05.2019,1776
group_3,25.05.2019,2481
group_3,26.05.2019,32752
group_3,27.05.2019,27735
group_3,28.05.2019,20839
group_3,29.05.2019,40726
group_3,30.05.2019,32844
group_3,31.05.2019,7959
group_3,1.06.2019,27467
group_3,2.06.2019,47333
group_3,3.06.2019,36518
group_3,4.06.2019,14481
group_3,5.06.2019,18115
group_3,6.06.2019,17278
group_3,7.06.2019,21530
group_3,8.06.2019,41017
group_3,9.06.2019,63928
group_3,10.06.2019,57495
group_3,11.06.2019,57339
group_3,12.06.2019,55564
group_3,13.06.2019,40221
group_3,14.06.2019,22136
group_3,15.06.2019,42368
group_3,16.06.2019,61466
group_3,17.06.2019,57435
group_3,18.06.2019,57464
group_3,19.06.2019,44123
group_3,20.06.2019,45874
group_3,21.06.2019,13686
group_3,22.06.2019,4918
group_3,23.06.2019,8613
group_3,24.06.2019,15119
group_3,25.06.2019,46636
group_3,26.06.2019,25785
group_3,27.06.2019,38208
group_3,28.06.2019,20541
group_3,29.06.2019,37023
group_3,30.06.2019,53727
group_3,1.07.2019,56411
group_3,2.07.2019,60041
group_3,3.07.2019,52429
group_3,4.07.2019,37408
group_3,5.07.2019,20593
group_3,6.07.2019,16405
group_3,7.07.2019,50059
group_3,8.07.2019,50741
group_3,9.07.2019,2771
group_3,10.07.2019,38818
group_3,11.07.2019,3536
group_3,12.07.2019,1586
group_3,13.07.2019,35305
group_3,14.07.2019,50088
group_3,15.07.2019,48349
group_3,16.07.2019,38709
group_3,17.07.2019,21016
group_3,18.07.2019,32387
group_3,19.07.2019,12982
group_3,20.07.2019,35836
group_3,21.07.2019,46256
group_3,22.07.2019,44722
group_3,23.07.2019,45042
group_3,24.07.2019,41918
group_3,25.07.2019,31284
group_3,26.07.2019,15992
group_3,27.07.2019,26959
group_3,28.07.2019,41470
group_3,29.07.2019,42836
group_3,30.07.2019,42028
group_3,31.07.2019,44328
group_3,1.08.2019,33655
group_3,2.08.2019,15278
group_3,3.08.2019,33709
group_3,4.08.2019,42712
group_3,5.08.2019,36550
group_3,6.08.2019,33401
group_3,7.08.2019,36723
group_3,8.08.2019,19415
group_3,9.08.2019,8790
group_3,10.08.2019,11815
group_3,11.08.2019,8841
group_3,12.08.2019,13610
group_3,13.08.2019,25841
group_3,14.08.2019,36635
group_3,15.08.2019,30145
group_3,16.08.2019,16161
group_3,17.08.2019,31814
group_3,18.08.2019,42825
group_3,19.08.2019,44027
group_3,20.08.2019,46972
group_3,21.08.2019,44566
group_3,22.08.2019,33249
group_3,23.08.2019,19106
group_3,24.08.2019,35926
group_3,25.08.2019,51223
group_3,26.08.2019,51950
group_3,27.08.2019,49779
group_3,28.08.2019,49403
group_3,29.08.2019,37063
group_3,30.08.2019,19005
group_3,31.08.2019,36279
group_3,1.09.2019,55934
group_3,2.09.2019,50286
group_3,3.09.2019,59126
group_3,4.09.2019,56599
group_3,5.09.2019,39578
group_3,6.09.2019,24263
group_3,7.09.2019,44525
group_3,8.09.2019,58315
group_3,9.09.2019,53389
group_3,10.09.2019,48241
group_3,11.09.2019,48978
group_3,12.09.2019,33984
group_3,13.09.2019,19822
group_3,14.09.2019,40624
group_3,15.09.2019,52111
group_3,16.09.2019,53871
group_3,17.09.2019,57498
group_3,18.09.2019,52113
group_3,19.09.2019,34150
group_3,20.09.2019,19011
group_3,21.09.2019,43521
group_3,22.09.2019,57481
group_3,23.09.2019,57043
group_3,24.09.2019,55126
group_3,25.09.2019,29759
group_3,26.09.2019,95
group_3,27.09.2019,30
group_3,28.09.2019,62
group_3,29.09.2019,81
group_3,30.09.2019,73
group_3,1.10.2019,66
group_3,2.10.2019,22946
group_3,3.10.2019,34934
group_3,4.10.2019,21374
group_3,5.10.2019,38006
group_3,6.10.2019,52209
group_3,7.10.2019,52797
group_3,8.10.2019,53366
group_3,9.10.2019,57862
group_3,10.10.2019,38842
group_3,11.10.2019,19735
group_3,12.10.2019,40552
group_3,13.10.2019,54330
group_3,14.10.2019,55847
group_3,15.10.2019,53388
group_3,16.10.2019,52443
group_3,17.10.2019,36272
group_3,18.10.2019,18692
group_3,19.10.2019,37669
group_3,20.10.2019,54225
group_3,21.10.2019,53711
group_3,22.10.2019,50436
group_3,23.10.2019,54748
group_3,24.10.2019,37358
group_3,25.10.2019,18719
group_3,26.10.2019,37000
group_3,27.10.2019,50000
group_3,28.10.2019,53152
group_3,29.10.2019,53387
group_3,30.10.2019,48703
group_3,31.10.2019,33456
group_3,1.11.2019,17839
group_3,2.11.2019,34492
group_3,3.11.2019,52688
group_3,4.11.2019,49142
group_3,5.11.2019,48005
group_3,6.11.2019,46532
group_3,7.11.2019,28655
group_3,8.11.2019,15623
group_3,9.11.2019,35861
group_3,10.11.2019,50980
group_3,11.11.2019,47205
group_3,12.11.2019,45707
group_3,13.11.2019,44771
group_3,14.11.2019,28646
group_3,15.11.2019,15808
group_3,16.11.2019,28132
group_3,17.11.2019,43027
group_3,18.11.2019,48907
group_3,19.11.2019,46172
group_3,20.11.2019,42166
group_3,21.11.2019,26784
group_3,22.11.2019,17949
group_3,23.11.2019,36879
group_3,24.11.2019,49445
group_3,25.11.2019,48469
group_3,26.11.2019,42971
group_3,27.11.2019,42404
group_3,28.11.2019,26959
group_3,29.11.2019,17117
group_3,30.11.2019,37429
group_3,1.12.2019,43893
group_3,2.12.2019,40970
group_3,3.12.2019,42258
group_3,4.12.2019,44232
group_3,5.12.2019,28711
group_3,6.12.2019,15247
group_3,7.12.2019,31819
group_3,8.12.2019,42933
group_3,9.12.2019,50462
group_3,10.12.2019,44402
group_3,11.12.2019,42252
group_3,12.12.2019,28031
group_3,13.12.2019,16646
group_3,14.12.2019,30071
group_3,15.12.2019,43408
group_3,16.12.2019,42453
group_3,17.12.2019,43847
group_3,18.12.2019,35986
group_3,19.12.2019,25132
group_3,20.12.2019,17653
group_3,21.12.2019,33256
group_3,22.12.2019,41615
group_3,23.12.2019,39993
group_3,24.12.2019,20023
group_3,25.12.2019,18206
group_3,26.12.2019,14549
group_3,27.12.2019,11282
group_3,28.12.2019,23020
group_3,29.12.2019,28541
group_3,30.12.2019,26516
group_3,31.12.2019,17424
group_3,1.01.2020,12240
group_3,2.01.2020,13382
group_3,3.01.2020,13751
group_3,4.01.2020,27442
group_3,5.01.2020,35308
group_3,6.01.2020,34346
group_3,7.01.2020,37711
group_3,8.01.2020,36150
group_3,9.01.2020,23988
group_3,10.01.2020,16506
group_3,11.01.2020,25604
group_3,12.01.2020,30178
group_3,13.01.2020,37693
group_3,14.01.2020,35546
group_3,15.01.2020,33288
group_3,16.01.2020,21749
group_3,17.01.2020,14260
group_3,18.01.2020,26415
group_3,19.01.2020,34417
group_3,20.01.2020,35406
group_3,21.01.2020,34151
group_3,22.01.2020,33350
group_3,23.01.2020,22323
group_3,24.01.2020,13085
group_3,25.01.2020,28583
group_3,26.01.2020,37677
group_3,27.01.2020,37209
group_3,28.01.2020,36748
group_3,29.01.2020,34870
group_3,30.01.2020,21393
group_3,31.01.2020,14377
group_3,1.02.2020,28336
group_3,2.02.2020,36406
group_3,3.02.2020,35892
group_3,4.02.2020,36046
group_3,5.02.2020,38113
group_3,6.02.2020,23502
group_3,7.02.2020,14496
group_3,8.02.2020,30145
group_3,9.02.2020,38298
group_3,10.02.2020,36545
group_3,11.02.2020,38574
group_3,12.02.2020,36385
group_3,13.02.2020,24131
group_3,14.02.2020,14254
group_3,15.02.2020,27574
group_3,16.02.2020,35964
group_3,17.02.2020,35553
group_3,18.02.2020,36440
group_4,1.01.2019,1466051
group_4,2.01.2019,2256351
group_4,3.01.2019,2172144
group_4,4.01.2019,1926366
group_4,5.01.2019,1262684
group_4,6.01.2019,1346671
group_4,7.01.2019,2132221
group_4,8.01.2019,2207603
group_4,9.01.2019,1933723
group_4,10.01.2019,1806329
group_4,11.01.2019,1498016
group_4,12.01.2019,1071049
group_4,13.01.2019,1000856
group_4,14.01.2019,1590200
group_4,15.01.2019,1566746
group_4,16.01.2019,1545148
group_4,17.01.2019,1545963
group_4,18.01.2019,1447917
group_4,19.01.2019,1041861
group_4,20.01.2019,1082027
group_4,21.01.2019,1650590
group_4,22.01.2019,1703324
group_4,23.01.2019,1698324
group_4,24.01.2019,1766802
group_4,25.01.2019,1461071
group_4,26.01.2019,1053317
group_4,27.01.2019,1114293
group_4,28.01.2019,1626025
group_4,29.01.2019,1593696
group_4,30.01.2019,1573487
group_4,31.01.2019,1664784
group_4,1.02.2019,1469894
group_4,2.02.2019,954065
group_4,3.02.2019,1031632
group_4,4.02.2019,1595578
group_4,5.02.2019,1567732
group_4,6.02.2019,1628305
group_4,7.02.2019,1780933
group_4,8.02.2019,1684603
group_4,9.02.2019,961290
group_4,10.02.2019,1071195
group_4,11.02.2019,1905303
group_4,12.02.2019,1992071
group_4,13.02.2019,1869546
group_4,14.02.2019,1934358
group_4,15.02.2019,1664266
group_4,16.02.2019,1164448
group_4,17.02.2019,1243315
group_4,18.02.2019,1904229
group_4,19.02.2019,1784584
group_4,20.02.2019,1996169
group_4,21.02.2019,1794448
group_4,22.02.2019,1265863
group_4,23.02.2019,908688
group_4,24.02.2019,1034878
group_4,25.02.2019,1019266
group_4,26.02.2019,96
group_4,27.02.2019,39
group_4,28.02.2019,100
group_4,1.03.2019,92
group_4,2.03.2019,26
group_4,3.03.2019,72
group_4,4.03.2019,776278
group_4,5.03.2019,1836924
group_4,6.03.2019,1761558
group_4,7.03.2019,1517317
group_4,8.03.2019,1260534
group_4,9.03.2019,987089
group_4,10.03.2019,901882
group_4,11.03.2019,1628994
group_4,12.03.2019,1752977
group_4,13.03.2019,1909721
group_4,14.03.2019,1837364
group_4,15.03.2019,1738842
group_4,16.03.2019,1123519
group_4,17.03.2019,1091087
group_4,18.03.2019,1587423
group_4,19.03.2019,1512386
group_4,20.03.2019,1632255
group_4,21.03.2019,1554661
group_4,22.03.2019,1153142
group_4,23.03.2019,694948
group_4,24.03.2019,704977
group_4,25.03.2019,1106087
group_4,26.03.2019,1381252
group_4,27.03.2019,1313850
group_4,28.03.2019,1329755
group_4,29.03.2019,1242414
group_4,30.03.2019,729673
group_4,31.03.2019,1081155
group_4,1.04.2019,2313439
group_4,2.04.2019,1567663
group_4,3.04.2019,837183
group_4,4.04.2019,540262
group_4,5.04.2019,453448
group_4,6.04.2019,517297
group_4,7.04.2019,561483
group_4,8.04.2019,987285
group_4,9.04.2019,1816400
group_4,10.04.2019,1920066
group_4,11.04.2019,1859795
group_4,12.04.2019,1571785
group_4,13.04.2019,968877
group_4,14.04.2019,1192535
group_4,15.04.2019,1995858
group_4,16.04.2019,1672470
group_4,17.04.2019,1856227
group_4,18.04.2019,1523205
group_4,19.04.2019,1545467
group_4,20.04.2019,1210500
group_4,21.04.2019,969605
group_4,22.04.2019,1452846
group_4,23.04.2019,885860
group_4,24.04.2019,1028494
group_4,25.04.2019,1143458
group_4,26.04.2019,1094938
group_4,27.04.2019,634991
group_4,28.04.2019,601097
group_4,29.04.2019,982119
group_4,30.04.2019,1315557
group_4,1.05.2019,1446252
group_4,2.05.2019,1905537
group_4,3.05.2019,1677321
group_4,4.05.2019,1200841
group_4,5.05.2019,1165105
group_4,6.05.2019,2006160
group_4,7.05.2019,1842631
group_4,8.05.2019,1710137
group_4,9.05.2019,1702513
group_4,10.05.2019,1486505
group_4,11.05.2019,893621
group_4,12.05.2019,1089389
group_4,13.05.2019,2065329
group_4,14.05.2019,1998404
group_4,15.05.2019,2025419
group_4,16.05.2019,2077029
group_4,17.05.2019,1782550
group_4,18.05.2019,1088837
group_4,19.05.2019,1163505
group_4,20.05.2019,2100237
group_4,21.05.2019,2094677
group_4,22.05.2019,1894655
group_4,23.05.2019,1918460
group_4,24.05.2019,1688516
group_4,25.05.2019,1179536
group_4,26.05.2019,1172876
group_4,27.05.2019,1991227
group_4,28.05.2019,1790732
group_4,29.05.2019,1799053
group_4,30.05.2019,1986589
group_4,31.05.2019,1694377
group_4,1.06.2019,1029527
group_4,2.06.2019,919542
group_4,3.06.2019,903800
group_4,4.06.2019,668653
group_4,5.06.2019,522326
group_4,6.06.2019,485901
group_4,7.06.2019,671975
group_4,8.06.2019,532902
group_4,9.06.2019,684691
group_4,10.06.2019,1511894
group_4,11.06.2019,1443085
group_4,12.06.2019,1598473
group_4,13.06.2019,2026858
group_4,14.06.2019,1702443
group_4,15.06.2019,1063348
group_4,16.06.2019,1049706
group_4,17.06.2019,1764003
group_4,18.06.2019,1470167
group_4,19.06.2019,1133327
group_4,20.06.2019,1239338
group_4,21.06.2019,1064625
group_4,22.06.2019,841979
group_4,23.06.2019,727982
group_4,24.06.2019,1511768
group_4,25.06.2019,1450018
group_4,26.06.2019,1580941
group_4,27.06.2019,1360829
group_4,28.06.2019,577060
group_4,29.06.2019,556213
group_4,30.06.2019,510833
group_4,1.07.2019,1491782
group_4,2.07.2019,1451765
group_4,3.07.2019,1316508
group_4,4.07.2019,1132331
group_4,5.07.2019,1244071
group_4,6.07.2019,562977
group_4,7.07.2019,646494
group_4,8.07.2019,1697205
group_4,9.07.2019,810926
group_4,10.07.2019,1085451
group_4,11.07.2019,1456264
group_4,12.07.2019,1174015
group_4,13.07.2019,597100
group_4,14.07.2019,20167
group_4,15.07.2019,65724
group_4,16.07.2019,1361140
group_4,17.07.2019,1021783
group_4,18.07.2019,950762
group_4,19.07.2019,358269
group_4,20.07.2019,728459
group_4,21.07.2019,679300
group_4,22.07.2019,1361592
group_4,23.07.2019,1356141
group_4,24.07.2019,1341692
group_4,25.07.2019,1324772
group_4,26.07.2019,1102403
group_4,27.07.2019,685290
group_4,28.07.2019,594099
group_4,29.07.2019,1143068
group_4,30.07.2019,1307841
group_4,31.07.2019,1342204
group_4,1.08.2019,1497707
group_4,2.08.2019,1224256
group_4,3.08.2019,655793
group_4,4.08.2019,709742
group_4,5.08.2019,1499691
group_4,6.08.2019,1357315
group_4,7.08.2019,1482930
group_4,8.08.2019,1405287
group_4,9.08.2019,1062110
group_4,10.08.2019,553327
group_4,11.08.2019,368445
group_4,12.08.2019,448226
group_4,13.08.2019,484123
group_4,14.08.2019,655006
group_4,15.08.2019,1291371
group_4,16.08.2019,1227054
group_4,17.08.2019,847062
group_4,18.08.2019,736675
group_4,19.08.2019,81
group_4,20.08.2019,1208967
group_4,21.08.2019,5982
group_4,22.08.2019,1419012
group_4,23.08.2019,1376225
group_4,24.08.2019,845506
group_4,25.08.2019,792612
group_4,26.08.2019,1701781
group_4,27.08.2019,1674534
group_4,28.08.2019,1726537
group_4,29.08.2019,1417198
group_4,30.08.2019,940266
group_4,31.08.2019,918239
group_4,1.09.2019,881586
group_4,2.09.2019,1850411
group_4,3.09.2019,1658139
group_4,4.09.2019,1697361
group_4,5.09.2019,1674508
group_4,6.09.2019,1439896
group_4,7.09.2019,859999
group_4,8.09.2019,835321
group_4,9.09.2019,1560015
group_4,10.09.2019,1539666
group_4,11.09.2019,1525817
group_4,12.09.2019,1378680
group_4,13.09.2019,1215880
group_4,14.09.2019,820276
group_4,15.09.2019,709207
group_4,16.09.2019,1361395
group_4,17.09.2019,1101539
group_4,18.09.2019,1087193
group_4,19.09.2019,1538483
group_4,20.09.2019,1426058
group_4,21.09.2019,967734
group_4,22.09.2019,982499
group_4,23.09.2019,1549565
group_4,24.09.2019,1677452
group_4,25.09.2019,1564847
group_4,26.09.2019,1626093
group_4,27.09.2019,1269734
group_4,28.09.2019,833147
group_4,29.09.2019,791387
group_4,30.09.2019,1681042
group_4,1.10.2019,1835904
group_4,2.10.2019,1699017
group_4,3.10.2019,1757302
group_4,4.10.2019,1558941
group_4,5.10.2019,1054617
group_4,6.10.2019,1040607
group_4,7.10.2019,1773494
group_4,8.10.2019,1761625
group_4,9.10.2019,1670035
group_4,10.10.2019,1670112
group_4,11.10.2019,1525366
group_4,12.10.2019,989802
group_4,13.10.2019,1025421
group_4,14.10.2019,1699027
group_4,15.10.2019,1521439
group_4,16.10.2019,1513641
group_4,17.10.2019,1435623
group_4,18.10.2019,1338262
group_4,19.10.2019,872761
group_4,20.10.2019,925593
group_4,21.10.2019,1514468
group_4,22.10.2019,1416035
group_4,23.10.2019,1448984
group_4,24.10.2019,1410549
group_4,25.10.2019,1310815
group_4,26.10.2019,1014722
group_4,27.10.2019,1037383
group_4,28.10.2019,1276384
group_4,29.10.2019,1275517
group_4,30.10.2019,1982700
group_4,31.10.2019,1943680
group_4,1.11.2019,1680879
group_4,2.11.2019,1081229
group_4,3.11.2019,1189242
group_4,4.11.2019,1747802
group_4,5.11.2019,2068226
group_4,6.11.2019,1815508
group_4,7.11.2019,1835980
group_4,8.11.2019,1550847
group_4,9.11.2019,970926
group_4,10.11.2019,1091058
group_4,11.11.2019,1594856
group_4,12.11.2019,1933954
group_4,13.11.2019,2068749
group_4,14.11.2019,2143230
group_4,15.11.2019,1644224
group_4,16.11.2019,1072771
group_4,17.11.2019,1216633
group_4,18.11.2019,1951045
group_4,19.11.2019,1946105
group_4,20.11.2019,1802028
group_4,21.11.2019,1820972
group_4,22.11.2019,1462307
group_4,23.11.2019,994071
group_4,24.11.2019,916961
group_4,25.11.2019,1373794
group_4,26.11.2019,1157394
group_4,27.11.2019,684608
group_4,28.11.2019,1662162
group_4,29.11.2019,1530070
group_4,30.11.2019,1093206
group_4,1.12.2019,1284850
group_4,2.12.2019,1938387
group_4,3.12.2019,1761280
group_4,4.12.2019,2198105
group_4,5.12.2019,2120235
group_4,6.12.2019,1753759
group_4,7.12.2019,1287051
group_4,8.12.2019,1374978
group_4,9.12.2019,2056415
group_4,10.12.2019,2099638
group_4,11.12.2019,2013574
group_4,12.12.2019,2016825
group_4,13.12.2019,1628235
group_4,14.12.2019,1031521
group_4,15.12.2019,1317768
group_4,16.12.2019,1802262
group_4,17.12.2019,1669049
group_4,18.12.2019,1768750
group_4,19.12.2019,1632157
group_4,20.12.2019,1759437
group_4,21.12.2019,917466
group_4,22.12.2019,654153
group_4,23.12.2019,1820912
group_4,24.12.2019,1056537
group_4,25.12.2019,954821
group_4,26.12.2019,374249
group_4,27.12.2019,101
group_4,28.12.2019,63
group_4,29.12.2019,107
group_4,30.12.2019,54
group_4,31.12.2019,76
group_4,1.01.2020,56
group_4,2.01.2020,26
group_4,3.01.2020,92
group_4,4.01.2020,14
group_4,5.01.2020,45
group_4,6.01.2020,73
group_4,7.01.2020,64
group_4,8.01.2020,1300466
group_4,9.01.2020,1932346
group_4,10.01.2020,1496302
group_4,11.01.2020,990997
group_4,12.01.2020,1170775
group_4,13.01.2020,1999498
group_4,14.01.2020,1847680
group_4,15.01.2020,1827228
group_4,16.01.2020,1797799
group_4,17.01.2020,1549296
group_4,18.01.2020,1017180
group_4,19.01.2020,1212174
group_4,20.01.2020,1336528
group_4,21.01.2020,1148289
group_4,22.01.2020,1628229
group_4,23.01.2020,1689964
group_4,24.01.2020,1313997
group_4,25.01.2020,882440
group_4,26.01.2020,993743
group_4,27.01.2020,1732782
group_4,28.01.2020,1766774
group_4,29.01.2020,1929572
group_4,30.01.2020,1716711
group_4,31.01.2020,1424955
group_4,1.02.2020,1010015
group_4,2.02.2020,1205380
group_4,3.02.2020,1863393
group_4,4.02.2020,1704369
group_4,5.02.2020,1579603
group_4,6.02.2020,1946022
group_4,7.02.2020,1638793
group_4,8.02.2020,1148345
group_4,9.02.2020,1199097
group_4,10.02.2020,1856573
group_4,11.02.2020,1930174
group_4,12.02.2020,1757823
group_4,13.02.2020,1517311
group_4,14.02.2020,1454201
group_4,15.02.2020,1092380
group_4,16.02.2020,1280017
group_4,17.02.2020,1869740
group_4,18.02.2020,2018773
group_5,1.01.2019,313953
group_5,2.01.2019,467455
group_5,3.01.2019,233056
group_5,4.01.2019,186624
group_5,5.01.2019,517784
group_5,6.01.2019,643316
group_5,7.01.2019,623544
group_5,8.01.2019,681791
group_5,9.01.2019,656876
group_5,10.01.2019,435583
group_5,11.01.2019,313511
group_5,12.01.2019,588135
group_5,13.01.2019,765321
group_5,14.01.2019,738815
group_5,15.01.2019,731104
group_5,16.01.2019,674770
group_5,17.01.2019,459837
group_5,18.01.2019,286352
group_5,19.01.2019,531121
group_5,20.01.2019,680517
group_5,21.01.2019,737204
group_5,22.01.2019,691453
group_5,23.01.2019,637963
group_5,24.01.2019,345313
group_5,25.01.2019,240505
group_5,26.01.2019,464210
group_5,27.01.2019,702292
group_5,28.01.2019,713795
group_5,29.01.2019,700987
group_5,30.01.2019,592495
group_5,31.01.2019,283796
group_5,1.02.2019,260893
group_5,2.02.2019,508054
group_5,3.02.2019,706308
group_5,4.02.2019,703296
group_5,5.02.2019,706119
group_5,6.02.2019,673545
group_5,7.02.2019,390317
group_5,8.02.2019,274211
group_5,9.02.2019,527197
group_5,10.02.2019,650941
group_5,11.02.2019,636623
group_5,12.02.2019,664785
group_5,13.02.2019,671578
group_5,14.02.2019,416027
group_5,15.02.2019,346355
group_5,16.02.2019,612551
group_5,17.02.2019,675993
group_5,18.02.2019,677714
group_5,19.02.2019,649432
group_5,20.02.2019,622352
group_5,21.02.2019,366030
group_5,22.02.2019,257897
group_5,23.02.2019,507866
group_5,24.02.2019,593101
group_5,25.02.2019,600313
group_5,26.02.2019,767522
group_5,27.02.2019,771017
group_5,28.02.2019,422833
group_5,1.03.2019,292471
group_5,2.03.2019,540290
group_5,3.03.2019,721688
group_5,4.03.2019,695762
group_5,5.03.2019,699990
group_5,6.03.2019,626144
group_5,7.03.2019,383535
group_5,8.03.2019,251442
group_5,9.03.2019,451941
group_5,10.03.2019,594612
group_5,11.03.2019,639923
group_5,12.03.2019,561478
group_5,13.03.2019,474288
group_5,14.03.2019,378428
group_5,15.03.2019,272837
group_5,16.03.2019,484819
group_5,17.03.2019,616518
group_5,18.03.2019,374906
group_5,19.03.2019,51
group_5,20.03.2019,99
group_5,21.03.2019,43
group_5,22.03.2019,83
group_5,23.03.2019,39
group_5,24.03.2019,48
group_5,25.03.2019,18
group_5,26.03.2019,54
group_5,27.03.2019,57
group_5,28.03.2019,11
group_5,29.03.2019,39
group_5,30.03.2019,31
group_5,31.03.2019,72
group_5,1.04.2019,52
group_5,2.04.2019,57
group_5,3.04.2019,64
group_5,4.04.2019,71
group_5,5.04.2019,47
group_5,6.04.2019,98
group_5,7.04.2019,88
group_5,8.04.2019,25
group_5,9.04.2019,60
group_5,10.04.2019,23
group_5,11.04.2019,64
group_5,12.04.2019,12
group_5,13.04.2019,41
group_5,14.04.2019,20
group_5,15.04.2019,75
group_5,16.04.2019,88
group_5,17.04.2019,30
group_5,18.04.2019,86
group_5,19.04.2019,21
group_5,20.04.2019,83
group_5,21.04.2019,72
group_5,22.04.2019,23
group_5,23.04.2019,43
group_5,24.04.2019,14
group_5,25.04.2019,49
group_5,26.04.2019,70
group_5,27.04.2019,58
group_5,28.04.2019,23
group_5,29.04.2019,89
group_5,30.04.2019,73
group_5,1.05.2019,58
group_5,2.05.2019,20
group_5,3.05.2019,62
group_5,4.05.2019,73
group_5,5.05.2019,89
group_5,6.05.2019,20
group_5,7.05.2019,28
group_5,8.05.2019,44
group_5,9.05.2019,13
group_5,10.05.2019,57
group_5,11.05.2019,89
group_5,12.05.2019,25
group_5,13.05.2019,14
group_5,14.05.2019,97
group_5,15.05.2019,46
group_5,16.05.2019,29
group_5,17.05.2019,76
group_5,18.05.2019,42
group_5,19.05.2019,54
group_5,20.05.2019,44
group_5,21.05.2019,20
group_5,22.05.2019,74
group_5,23.05.2019,50
group_5,24.05.2019,49
group_5,25.05.2019,46
group_5,26.05.2019,28
group_5,27.05.2019,83
group_5,28.05.2019,92
group_5,29.05.2019,51
group_5,30.05.2019,96
group_5,31.05.2019,19
group_5,1.06.2019,62
group_5,2.06.2019,30
group_5,3.06.2019,75
group_5,4.06.2019,92
group_5,5.06.2019,34
group_5,6.06.2019,25
group_5,7.06.2019,58
group_5,8.06.2019,75
group_5,9.06.2019,25
group_5,10.06.2019,66
group_5,11.06.2019,13
group_5,12.06.2019,70
group_5,13.06.2019,44
group_5,14.06.2019,47
group_5,15.06.2019,19
group_5,16.06.2019,100
group_5,17.06.2019,15
group_5,18.06.2019,81
group_5,19.06.2019,369455
group_5,20.06.2019,459821
group_5,21.06.2019,142957
group_5,22.06.2019,266784
group_5,23.06.2019,331593
group_5,24.06.2019,330096
group_5,25.06.2019,379678
group_5,26.06.2019,431120
group_5,27.06.2019,335397
group_5,28.06.2019,210526
group_5,29.06.2019,417919
group_5,30.06.2019,560840
group_5,1.07.2019,560980
group_5,2.07.2019,587361
group_5,3.07.2019,535720
group_5,4.07.2019,358157
group_5,5.07.2019,204997
group_5,6.07.2019,273441
group_5,7.07.2019,280458
group_5,8.07.2019,262624
group_5,9.07.2019,33460
group_5,10.07.2019,215067
group_5,11.07.2019,75704
group_5,12.07.2019,9599
group_5,13.07.2019,16649
group_5,14.07.2019,145038
group_5,15.07.2019,497192
group_5,16.07.2019,477929
group_5,17.07.2019,353998
group_5,18.07.2019,4946
group_5,19.07.2019,130707
group_5,20.07.2019,369365
group_5,21.07.2019,449728
group_5,22.07.2019,414339
group_5,23.07.2019,456144
group_5,24.07.2019,467936
group_5,25.07.2019,313427
group_5,26.07.2019,164908
group_5,27.07.2019,327930
group_5,28.07.2019,448603
group_5,29.07.2019,387880
group_5,30.07.2019,439306
group_5,31.07.2019,447410
group_5,1.08.2019,358047
group_5,2.08.2019,186819
group_5,3.08.2019,352706
group_5,4.08.2019,459811
group_5,5.08.2019,422376
group_5,6.08.2019,424049
group_5,7.08.2019,411101
group_5,8.08.2019,294003
group_5,9.08.2019,106781
group_5,10.08.2019,130281
group_5,11.08.2019,95104
group_5,12.08.2019,133751
group_5,13.08.2019,269471
group_5,14.08.2019,435276
group_5,15.08.2019,265391
group_5,16.08.2019,156745
group_5,17.08.2019,320037
group_5,18.08.2019,417599
group_5,19.08.2019,457950
group_5,20.08.2019,456462
group_5,21.08.2019,467710
group_5,22.08.2019,335395
group_5,23.08.2019,210614
group_5,24.08.2019,403545
group_5,25.08.2019,534505
group_5,26.08.2019,521840
group_5,27.08.2019,524773
group_5,28.08.2019,531063
group_5,29.08.2019,332587
group_5,30.08.2019,180361
group_5,31.08.2019,345238
group_5,1.09.2019,506278
group_5,2.09.2019,513917
group_5,3.09.2019,585774
group_5,4.09.2019,554327
group_5,5.09.2019,354380
group_5,6.09.2019,204221
group_5,7.09.2019,378636
group_5,8.09.2019,512088
group_5,9.09.2019,489690
group_5,10.09.2019,484439
group_5,11.09.2019,454545
group_5,12.09.2019,279849
group_5,13.09.2019,170399
group_5,14.09.2019,353571
group_5,15.09.2019,443366
group_5,16.09.2019,442333
group_5,17.09.2019,416387
group_5,18.09.2019,450146
group_5,19.09.2019,322726
group_5,20.09.2019,177523
group_5,21.09.2019,434175
group_5,22.09.2019,544035
group_5,23.09.2019,487878
group_5,24.09.2019,436035
group_5,25.09.2019,458461
group_5,26.09.2019,337543
group_5,27.09.2019,48117
group_5,28.09.2019,64
group_5,29.09.2019,63
group_5,30.09.2019,88
group_5,1.10.2019,102
group_5,2.10.2019,98
group_5,3.10.2019,46
group_5,4.10.2019,31
group_5,5.10.2019,94
group_5,6.10.2019,64
group_5,7.10.2019,83
group_5,8.10.2019,53
group_5,9.10.2019,93
group_5,10.10.2019,49
group_5,11.10.2019,39
group_5,12.10.2019,54
group_5,13.10.2019,51
group_5,14.10.2019,63
group_5,15.10.2019,39
group_5,16.10.2019,26
group_5,17.10.2019,206641
group_5,18.10.2019,237598
group_5,19.10.2019,447621
group_5,20.10.2019,563976
group_5,21.10.2019,556190
group_5,22.10.2019,402383
group_5,23.10.2019,452039
group_5,24.10.2019,370020
group_5,25.10.2019,219863
group_5,26.10.2019,457392
group_5,27.10.2019,585411
group_5,28.10.2019,616147
group_5,29.10.2019,647064
group_5,30.10.2019,619601
group_5,31.10.2019,417280
group_5,1.11.2019,240340
group_5,2.11.2019,403115
group_5,3.11.2019,649769
group_5,4.11.2019,664955
group_5,5.11.2019,634444
group_5,6.11.2019,601420
group_5,7.11.2019,353197
group_5,8.11.2019,140683
group_5,9.11.2019,327561
group_5,10.11.2019,575626
group_5,11.11.2019,458972
group_5,12.11.2019,436146
group_5,13.11.2019,507034
group_5,14.11.2019,379761
group_5,15.11.2019,198992
group_5,16.11.2019,378209
group_5,17.11.2019,517162
group_5,18.11.2019,458149
group_5,19.11.2019,487760
group_5,20.11.2019,579880
group_5,21.11.2019,307284
group_5,22.11.2019,248186
group_5,23.11.2019,451643
group_5,24.11.2019,552169
group_5,25.11.2019,501021
group_5,26.11.2019,520818
group_5,27.11.2019,477336
group_5,28.11.2019,322826
group_5,29.11.2019,208992
group_5,30.11.2019,262853
group_5,1.12.2019,183651
group_5,2.12.2019,189462
group_5,3.12.2019,398833
group_5,4.12.2019,612288
group_5,5.12.2019,371738
group_5,6.12.2019,264010
group_5,7.12.2019,440727
group_5,8.12.2019,576381
group_5,9.12.2019,601834
group_5,10.12.2019,555593
group_5,11.12.2019,516421
group_5,12.12.2019,320503
group_5,13.12.2019,211314
group_5,14.12.2019,372796
group_5,15.12.2019,604771
group_5,16.12.2019,516341
group_5,17.12.2019,493353
group_5,18.12.2019,436956
group_5,19.12.2019,248465
group_5,20.12.2019,164134
group_5,21.12.2019,345798
group_5,22.12.2019,476794
group_5,23.12.2019,411956
group_5,24.12.2019,352845
group_5,25.12.2019,378918
group_5,26.12.2019,341462
group_5,27.12.2019,144320
group_5,28.12.2019,325744
group_5,29.12.2019,371915
group_5,30.12.2019,343120
group_5,31.12.2019,181813
group_5,1.01.2020,308315
group_5,2.01.2020,403316
group_5,3.01.2020,261904
group_5,4.01.2020,472173
group_5,5.01.2020,649577
group_5,6.01.2020,641056
group_5,7.01.2020,821254
group_5,8.01.2020,846412
group_5,9.01.2020,471581
group_5,10.01.2020,304886
group_5,11.01.2020,586286
group_5,12.01.2020,722656
group_5,13.01.2020,740060
group_5,14.01.2020,689650
group_5,15.01.2020,584934
group_5,16.01.2020,392126
group_5,17.01.2020,262212
group_5,18.01.2020,472162
group_5,19.01.2020,584515
group_5,20.01.2020,554515
group_5,21.01.2020,586719
group_5,22.01.2020,619073
group_5,23.01.2020,247473
group_5,24.01.2020,235897
group_5,25.01.2020,503677
group_5,26.01.2020,614285
group_5,27.01.2020,661066
group_5,28.01.2020,723395
group_5,29.01.2020,810550
group_5,30.01.2020,329907
group_5,31.01.2020,299851
group_5,1.02.2020,631688
group_5,2.02.2020,804021
group_5,3.02.2020,736035
group_5,4.02.2020,703580
group_5,5.02.2020,776731
group_5,6.02.2020,447150
group_5,7.02.2020,310018
group_5,8.02.2020,673366
group_5,9.02.2020,768038
group_5,10.02.2020,841466
group_5,11.02.2020,789371
group_5,12.02.2020,718626
group_5,13.02.2020,341521
group_5,14.02.2020,244097
group_5,15.02.2020,499821
group_5,16.02.2020,632091
group_5,17.02.2020,601748
group_5,18.02.2020,649262
group_6,1.01.2019,127897
group_6,2.01.2019,154210
group_6,3.01.2019,126516
group_6,4.01.2019,107626
group_6,5.01.2019,156284
group_6,6.01.2019,157516
group_6,7.01.2019,125574
group_6,8.01.2019,121140
group_6,9.01.2019,149626
group_6,10.01.2019,142511
group_6,11.01.2019,122136
group_6,12.01.2019,167448
group_6,13.01.2019,149122
group_6,14.01.2019,140580
group_6,15.01.2019,121947
group_6,16.01.2019,92561
group_6,17.01.2019,84184
group_6,18.01.2019,145624
group_6,19.01.2019,132397
group_6,20.01.2019,99534
group_6,21.01.2019,99289
group_6,22.01.2019,134480
group_6,23.01.2019,123228
group_6,24.01.2019,38865
group_6,25.01.2019,1166
group_6,26.01.2019,748
group_6,27.01.2019,580
group_6,28.01.2019,487
group_6,29.01.2019,394
group_6,30.01.2019,289
group_6,31.01.2019,294
group_6,1.02.2019,274
group_6,2.02.2019,208
group_6,3.02.2019,186
group_6,4.02.2019,165
group_6,5.02.2019,156
group_6,6.02.2019,171
group_6,7.02.2019,170
group_6,8.02.2019,42751
group_6,9.02.2019,139935
group_6,10.02.2019,86623
group_6,11.02.2019,96703
group_6,12.02.2019,94626
group_6,13.02.2019,145261
group_6,14.02.2019,167382
group_6,15.02.2019,124698
group_6,16.02.2019,142038
group_6,17.02.2019,131798
group_6,18.02.2019,128167
group_6,19.02.2019,64424
group_6,20.02.2019,1041
group_6,21.02.2019,623
group_6,22.02.2019,415
group_6,23.02.2019,341
group_6,24.02.2019,2148
group_6,25.02.2019,105752
group_6,26.02.2019,157092
group_6,27.02.2019,147023
group_6,28.02.2019,111307
group_6,1.03.2019,131766
group_6,2.03.2019,108237
group_6,3.03.2019,118599
group_6,4.03.2019,156487
group_6,5.03.2019,159294
group_6,6.03.2019,105449
group_6,7.03.2019,137001
group_6,8.03.2019,107482
group_6,9.03.2019,130625
group_6,10.03.2019,173709
group_6,11.03.2019,106468
group_6,12.03.2019,119621
group_6,13.03.2019,166033
group_6,14.03.2019,16026
group_6,15.03.2019,7405
group_6,16.03.2019,7477
group_6,17.03.2019,5217
group_6,18.03.2019,2172
group_6,19.03.2019,2135
group_6,20.03.2019,2483
group_6,21.03.2019,2806
group_6,22.03.2019,5433
group_6,23.03.2019,6340
group_6,24.03.2019,7236
group_6,25.03.2019,78564
group_6,26.03.2019,105538
group_6,27.03.2019,74911
group_6,28.03.2019,94224
group_6,29.03.2019,79689
group_6,30.03.2019,87240
group_6,31.03.2019,54044
group_6,1.04.2019,85365
group_6,2.04.2019,95201
group_6,3.04.2019,108716
group_6,4.04.2019,102724
group_6,5.04.2019,117052
group_6,6.04.2019,83895
group_6,7.04.2019,73905
group_6,8.04.2019,89316
group_6,9.04.2019,110659
group_6,10.04.2019,116526
group_6,11.04.2019,82303
group_6,12.04.2019,67300
group_6,13.04.2019,68377
group_6,14.04.2019,68208
group_6,15.04.2019,116711
group_6,16.04.2019,132438
group_6,17.04.2019,147558
group_6,18.04.2019,153119
group_6,19.04.2019,96844
group_6,20.04.2019,114551
group_6,21.04.2019,105848
group_6,22.04.2019,119454
group_6,23.04.2019,141313
group_6,24.04.2019,107406
group_6,25.04.2019,96752
group_6,26.04.2019,99685
group_6,27.04.2019,53347
group_6,28.04.2019,815
group_6,29.04.2019,137169
group_6,30.04.2019,127149
group_6,1.05.2019,151258
group_6,2.05.2019,151017
group_6,3.05.2019,112748
group_6,4.05.2019,107903
group_6,5.05.2019,146188
group_6,6.05.2019,126015
group_6,7.05.2019,147465
group_6,8.05.2019,117729
group_6,9.05.2019,158851
group_6,10.05.2019,160073
group_6,11.05.2019,128952
group_6,12.05.2019,203101
group_6,13.05.2019,198808
group_6,14.05.2019,178547
group_6,15.05.2019,144715
group_6,16.05.2019,162165
group_6,17.05.2019,136051
group_6,18.05.2019,103697
group_6,19.05.2019,123740
group_6,20.05.2019,72101
group_6,21.05.2019,968
group_6,22.05.2019,89227
group_6,23.05.2019,142573
group_6,24.05.2019,121138
group_6,25.05.2019,133640
group_6,26.05.2019,101684
group_6,27.05.2019,118753
group_6,28.05.2019,101789
group_6,29.05.2019,107096
group_6,30.05.2019,94745
group_6,31.05.2019,90153
group_6,1.06.2019,65171
group_6,2.06.2019,38950
group_6,3.06.2019,146132
group_6,4.06.2019,95341
group_6,5.06.2019,50416
group_6,6.06.2019,89039
group_6,7.06.2019,77093
group_6,8.06.2019,70599
group_6,9.06.2019,95300
group_6,10.06.2019,83950
group_6,11.06.2019,92761
group_6,12.06.2019,87520
group_6,13.06.2019,91092
group_6,14.06.2019,85643
group_6,15.06.2019,75063
group_6,16.06.2019,49476
group_6,17.06.2019,85197
group_6,18.06.2019,134135
group_6,19.06.2019,106207
group_6,20.06.2019,130630
group_6,21.06.2019,122680
group_6,22.06.2019,102410
group_6,23.06.2019,103480
group_6,24.06.2019,118055
group_6,25.06.2019,83305
group_6,26.06.2019,86629
group_6,27.06.2019,84195
group_6,28.06.2019,60463
group_6,29.06.2019,58901
group_6,30.06.2019,76196
group_6,1.07.2019,150261
group_6,2.07.2019,97228
group_6,3.07.2019,102454
group_6,4.07.2019,122389
group_6,5.07.2019,143143
group_6,6.07.2019,122873
group_6,7.07.2019,130328
group_6,8.07.2019,123937
group_6,9.07.2019,156793
group_6,10.07.2019,212309
group_6,11.07.2019,165866
group_6,12.07.2019,154561
group_6,13.07.2019,175928
group_6,14.07.2019,155884
group_6,15.07.2019,234065
group_6,16.07.2019,236335
group_6,17.07.2019,212088
group_6,18.07.2019,189580
group_6,19.07.2019,204871
group_6,20.07.2019,214359
group_6,21.07.2019,271812
group_6,22.07.2019,225649
group_6,23.07.2019,45617
group_6,24.07.2019,1153
group_6,25.07.2019,660
group_6,26.07.2019,509
group_6,27.07.2019,435
group_6,28.07.2019,381
group_6,29.07.2019,281
group_6,30.07.2019,242
group_6,31.07.2019,156
group_6,1.08.2019,247
group_6,2.08.2019,141951
group_6,3.08.2019,149968
group_6,4.08.2019,125226
group_6,5.08.2019,158403
group_6,6.08.2019,302458
group_6,7.08.2019,220734
group_6,8.08.2019,159077
group_6,9.08.2019,1798
group_6,10.08.2019,746
group_6,11.08.2019,401
group_6,12.08.2019,349
group_6,13.08.2019,318
group_6,14.08.2019,265
group_6,15.08.2019,10293
group_6,16.08.2019,139233
group_6,17.08.2019,174628
group_6,18.08.2019,120609
group_6,19.08.2019,107004
group_6,20.08.2019,126396
group_6,21.08.2019,140853
group_6,22.08.2019,169176
group_6,23.08.2019,127070
group_6,24.08.2019,96853
group_6,25.08.2019,118869
group_6,26.08.2019,109076
group_6,27.08.2019,117062
group_6,28.08.2019,158262
group_6,29.08.2019,174617
group_6,30.08.2019,129215
group_6,31.08.2019,131151
group_6,1.09.2019,102682
group_6,2.09.2019,137388
group_6,3.09.2019,143684
group_6,4.09.2019,163040
group_6,5.09.2019,134378
group_6,6.09.2019,140586
group_6,7.09.2019,126231
group_6,8.09.2019,97116
group_6,9.09.2019,137777
group_6,10.09.2019,439196
group_6,11.09.2019,191338
group_6,12.09.2019,140106
group_6,13.09.2019,149502
group_6,14.09.2019,110391
group_6,15.09.2019,130589
group_6,16.09.2019,222606
group_6,17.09.2019,135732
group_6,18.09.2019,131680
group_6,19.09.2019,122725
group_6,20.09.2019,146701
group_6,21.09.2019,120026
group_6,22.09.2019,149744
group_6,23.09.2019,115716
group_6,24.09.2019,132302
group_6,25.09.2019,118766
group_6,26.09.2019,134519
group_6,27.09.2019,136579
group_6,28.09.2019,99893
group_6,29.09.2019,163572
group_6,30.09.2019,115945
group_6,1.10.2019,137928
group_6,2.10.2019,147769
group_6,3.10.2019,171443
group_6,4.10.2019,166556
group_6,5.10.2019,204010
group_6,6.10.2019,115702
group_6,7.10.2019,86301
group_6,8.10.2019,123853
group_6,9.10.2019,140401
group_6,10.10.2019,290173
group_6,11.10.2019,273413
group_6,12.10.2019,128159
group_6,13.10.2019,97409
group_6,14.10.2019,76475
group_6,15.10.2019,129671
group_6,16.10.2019,100598
group_6,17.10.2019,94712
group_6,18.10.2019,183795
group_6,19.10.2019,166427
group_6,20.10.2019,161350
group_6,21.10.2019,146736
group_6,22.10.2019,115746
group_6,23.10.2019,74679
group_6,24.10.2019,70110
group_6,25.10.2019,100792
group_6,26.10.2019,114066
group_6,27.10.2019,74897
group_6,28.10.2019,130899
group_6,29.10.2019,69908
group_6,30.10.2019,76979
group_6,31.10.2019,91750
group_6,1.11.2019,151183
group_6,2.11.2019,108007
group_6,3.11.2019,126360
group_6,4.11.2019,84684
group_6,5.11.2019,103286
group_6,6.11.2019,179655
group_6,7.11.2019,168629
group_6,8.11.2019,116594
group_6,9.11.2019,69989
group_6,10.11.2019,88646
group_6,11.11.2019,118608
group_6,12.11.2019,130716
group_6,13.11.2019,83483
group_6,14.11.2019,497
group_6,15.11.2019,268
group_6,16.11.2019,208
group_6,17.11.2019,170
group_6,18.11.2019,197
group_6,19.11.2019,155
group_6,20.11.2019,88
group_6,21.11.2019,154
group_6,22.11.2019,177
group_6,23.11.2019,138
group_6,24.11.2019,37857
group_6,25.11.2019,85808
group_6,26.11.2019,130826
group_6,27.11.2019,141826
group_6,28.11.2019,156534
group_6,29.11.2019,142418
group_6,30.11.2019,94128
group_6,1.12.2019,72651
group_6,2.12.2019,218157
group_6,3.12.2019,242511
group_6,4.12.2019,202129
group_6,5.12.2019,159533
group_6,6.12.2019,150283
group_6,7.12.2019,172318
group_6,8.12.2019,209146
group_6,9.12.2019,176893
group_6,10.12.2019,176646
group_6,11.12.2019,151136
group_6,12.12.2019,143164
group_6,13.12.2019,124330
group_6,14.12.2019,102010
group_6,15.12.2019,65904
group_6,16.12.2019,103115
group_6,17.12.2019,140340
group_6,18.12.2019,591
group_6,19.12.2019,265
group_6,20.12.2019,240
group_6,21.12.2019,160
group_6,22.12.2019,194
group_6,23.12.2019,136
group_6,24.12.2019,134
group_6,25.12.2019,144
group_6,26.12.2019,140
group_6,27.12.2019,105
group_6,28.12.2019,117
group_6,29.12.2019,32010
group_6,30.12.2019,120873
group_6,31.12.2019,197543
group_6,1.01.2020,120190
group_6,2.01.2020,93348
group_6,3.01.2020,79903
group_6,4.01.2020,123073
group_6,5.01.2020,182667
group_6,6.01.2020,122737
group_6,7.01.2020,152148
group_6,8.01.2020,44662
group_6,9.01.2020,340
group_6,10.01.2020,242
group_6,11.01.2020,137
group_6,12.01.2020,190
group_6,13.01.2020,146
group_6,14.01.2020,125
group_6,15.01.2020,108
group_6,16.01.2020,82
group_6,17.01.2020,129
group_6,18.01.2020,131
group_6,19.01.2020,127
group_6,20.01.2020,124
group_6,21.01.2020,108
group_6,22.01.2020,66542
group_6,23.01.2020,180408
group_6,24.01.2020,175392
group_6,25.01.2020,154987
group_6,26.01.2020,196107
group_6,27.01.2020,212360
group_6,28.01.2020,241409
group_6,29.01.2020,283108
group_6,30.01.2020,373782
group_6,31.01.2020,186560
group_6,1.02.2020,141770
group_6,2.02.2020,127123
group_6,3.02.2020,173785
group_6,4.02.2020,324015
group_6,5.02.2020,187687
group_6,6.02.2020,892
group_6,7.02.2020,419
group_6,8.02.2020,350
group_6,9.02.2020,259
group_6,10.02.2020,172
group_6,11.02.2020,185
group_6,12.02.2020,129
group_6,13.02.2020,75
group_6,14.02.2020,125
group_6,15.02.2020,102
group_6,16.02.2020,114
group_6,17.02.2020,131
group_6,18.02.2020,52
group_7,1.01.2019,18125
group_7,2.01.2019,23986
group_7,3.01.2019,23628
group_7,4.01.2019,16692
group_7,5.01.2019,15832
group_7,6.01.2019,16291
group_7,7.01.2019,20963
group_7,8.01.2019,21522
group_7,9.01.2019,20825
group_7,10.01.2019,21355
group_7,11.01.2019,17890
group_7,12.01.2019,14936
group_7,13.01.2019,15035
group_7,14.01.2019,22270
group_7,15.01.2019,25033
group_7,16.01.2019,19335
group_7,17.01.2019,18828
group_7,18.01.2019,16386
group_7,19.01.2019,13730
group_7,20.01.2019,14308
group_7,21.01.2019,18770
group_7,22.01.2019,19839
group_7,23.01.2019,19763
group_7,24.01.2019,19307
group_7,25.01.2019,15002
group_7,26.01.2019,12862
group_7,27.01.2019,14040
group_7,28.01.2019,20461
group_7,29.01.2019,18727
group_7,30.01.2019,17206
group_7,31.01.2019,17931
group_7,1.02.2019,15886
group_7,2.02.2019,12100
group_7,3.02.2019,12879
group_7,4.02.2019,20119
group_7,5.02.2019,18769
group_7,6.02.2019,19709
group_7,7.02.2019,19206
group_7,8.02.2019,16669
group_7,9.02.2019,15475
group_7,10.02.2019,14593
group_7,11.02.2019,19508
group_7,12.02.2019,18343
group_7,13.02.2019,25697
group_7,14.02.2019,25259
group_7,15.02.2019,18405
group_7,16.02.2019,16263
group_7,17.02.2019,15668
group_7,18.02.2019,20201
group_7,19.02.2019,19742
group_7,20.02.2019,22491
group_7,21.02.2019,20533
group_7,22.02.2019,18005
group_7,23.02.2019,15566
group_7,24.02.2019,16998
group_7,25.02.2019,22993
group_7,26.02.2019,18977
group_7,27.02.2019,24171
group_7,28.02.2019,14304
group_7,1.03.2019,12266
group_7,2.03.2019,15502
group_7,3.03.2019,12155
group_7,4.03.2019,20174
group_7,5.03.2019,18495
group_7,6.03.2019,15332
group_7,7.03.2019,13559
group_7,8.03.2019,10812
group_7,9.03.2019,12293
group_7,10.03.2019,10931
group_7,11.03.2019,14073
group_7,12.03.2019,11167
group_7,13.03.2019,11363
group_7,14.03.2019,11658
group_7,15.03.2019,10371
group_7,16.03.2019,7950
group_7,17.03.2019,7721
group_7,18.03.2019,11778
group_7,19.03.2019,11898
group_7,20.03.2019,11953
group_7,21.03.2019,11504
group_7,22.03.2019,10287
group_7,23.03.2019,7898
group_7,24.03.2019,7906
group_7,25.03.2019,11188
group_7,26.03.2019,13164
group_7,27.03.2019,12165
group_7,28.03.2019,11365
group_7,29.03.2019,10030
group_7,30.03.2019,9197
group_7,31.03.2019,6733
group_7,1.04.2019,12154
group_7,2.04.2019,11721
group_7,3.04.2019,9326
group_7,4.04.2019,9926
group_7,5.04.2019,10271
group_7,6.04.2019,9208
group_7,7.04.2019,10620
group_7,8.04.2019,10052
group_7,9.04.2019,10910
group_7,10.04.2019,10349
group_7,11.04.2019,8615
group_7,12.04.2019,8690
group_7,13.04.2019,7474
group_7,14.04.2019,6842
group_7,15.04.2019,14660
group_7,16.04.2019,14168
group_7,17.04.2019,12722
group_7,18.04.2019,13543
group_7,19.04.2019,9730
group_7,20.04.2019,9423
group_7,21.04.2019,9693
group_7,22.04.2019,13998
group_7,23.04.2019,12254
group_7,24.04.2019,13060
group_7,25.04.2019,12180
group_7,26.04.2019,12688
group_7,27.04.2019,9969
group_7,28.04.2019,9666
group_7,29.04.2019,16965
group_7,30.04.2019,14137
group_7,1.05.2019,11882
group_7,2.05.2019,13724
group_7,3.05.2019,11822
group_7,4.05.2019,11055
group_7,5.05.2019,15505
group_7,6.05.2019,27667
group_7,7.05.2019,17843
group_7,8.05.2019,16354
group_7,9.05.2019,15797
group_7,10.05.2019,15119
group_7,11.05.2019,13203
group_7,12.05.2019,13895
group_7,13.05.2019,26943
group_7,14.05.2019,21726
group_7,15.05.2019,20383
group_7,16.05.2019,21556
group_7,17.05.2019,18622
group_7,18.05.2019,13518
group_7,19.05.2019,15172
group_7,20.05.2019,30411
group_7,21.05.2019,20633
group_7,22.05.2019,17054
group_7,23.05.2019,20434
group_7,24.05.2019,18934
group_7,25.05.2019,14277
group_7,26.05.2019,10951
group_7,27.05.2019,15416
group_7,28.05.2019,14720
group_7,29.05.2019,14324
group_7,30.05.2019,13803
group_7,31.05.2019,12514
group_7,1.06.2019,9396
group_7,2.06.2019,6084
group_7,3.06.2019,12061
group_7,4.06.2019,9437
group_7,5.06.2019,3805
group_7,6.06.2019,10489
group_7,7.06.2019,9123
group_7,8.06.2019,9165
group_7,9.06.2019,9821
group_7,10.06.2019,13363
group_7,11.06.2019,13067
group_7,12.06.2019,12226
group_7,13.06.2019,12869
group_7,14.06.2019,35142
group_7,15.06.2019,31944
group_7,16.06.2019,31406
group_7,17.06.2019,14487
group_7,18.06.2019,13587
group_7,19.06.2019,12839
group_7,20.06.2019,14353
group_7,21.06.2019,13968
group_7,22.06.2019,8844
group_7,23.06.2019,11125
group_7,24.06.2019,14007
group_7,25.06.2019,13170
group_7,26.06.2019,13934
group_7,27.06.2019,12027
group_7,28.06.2019,10366
group_7,29.06.2019,7711
group_7,30.06.2019,7523
group_7,1.07.2019,12702
group_7,2.07.2019,12556
group_7,3.07.2019,11717
group_7,4.07.2019,12264
group_7,5.07.2019,12752
group_7,6.07.2019,8145
group_7,7.07.2019,9380
group_7,8.07.2019,13384
group_7,9.07.2019,12854
group_7,10.07.2019,15420
group_7,11.07.2019,15367
group_7,12.07.2019,12556
group_7,13.07.2019,9047
group_7,14.07.2019,9817
group_7,15.07.2019,14044
group_7,16.07.2019,15990
group_7,17.07.2019,14086
group_7,18.07.2019,14471
group_7,19.07.2019,14122
group_7,20.07.2019,11046
group_7,21.07.2019,10893
group_7,22.07.2019,18560
group_7,23.07.2019,15557
group_7,24.07.2019,16357
group_7,25.07.2019,14777
group_7,26.07.2019,13491
group_7,27.07.2019,21097
group_7,28.07.2019,10091
group_7,29.07.2019,16018
group_7,30.07.2019,14725
group_7,31.07.2019,14609
group_7,1.08.2019,15945
group_7,2.08.2019,12840
group_7,3.08.2019,10010
group_7,4.08.2019,10377
group_7,5.08.2019,15071
group_7,6.08.2019,21413
group_7,7.08.2019,15118
group_7,8.08.2019,11828
group_7,9.08.2019,10448
group_7,10.08.2019,7318
group_7,11.08.2019,5149
group_7,12.08.2019,7997
group_7,13.08.2019,8318
group_7,14.08.2019,9341
group_7,15.08.2019,12337
group_7,16.08.2019,11342
group_7,17.08.2019,9746
group_7,18.08.2019,8922
group_7,19.08.2019,13312
group_7,20.08.2019,13054
group_7,21.08.2019,13032
group_7,22.08.2019,13274
group_7,23.08.2019,15182
group_7,24.08.2019,8541
group_7,25.08.2019,7660
group_7,26.08.2019,12362
group_7,27.08.2019,12520
group_7,28.08.2019,14443
group_7,29.08.2019,13507
group_7,30.08.2019,9052
group_7,31.08.2019,8297
group_7,1.09.2019,7901
group_7,2.09.2019,11598
group_7,3.09.2019,15238
group_7,4.09.2019,16908
group_7,5.09.2019,13684
group_7,6.09.2019,12828
group_7,7.09.2019,11655
group_7,8.09.2019,9913
group_7,9.09.2019,13793
group_7,10.09.2019,19854
group_7,11.09.2019,15917
group_7,12.09.2019,16227
group_7,13.09.2019,16808
group_7,14.09.2019,11611
group_7,15.09.2019,11846
group_7,16.09.2019,19358
group_7,17.09.2019,17672
group_7,18.09.2019,16783
group_7,19.09.2019,18405
group_7,20.09.2019,17455
group_7,21.09.2019,12267
group_7,22.09.2019,10852
group_7,23.09.2019,15685
group_7,24.09.2019,24261
group_7,25.09.2019,17087
group_7,26.09.2019,19349
group_7,27.09.2019,17369
group_7,28.09.2019,13757
group_7,29.09.2019,13245
group_7,30.09.2019,17412
group_7,1.10.2019,17325
group_7,2.10.2019,22178
group_7,3.10.2019,19186
group_7,4.10.2019,15581
group_7,5.10.2019,12632
group_7,6.10.2019,12115
group_7,7.10.2019,18474
group_7,8.10.2019,17796
group_7,9.10.2019,18397
group_7,10.10.2019,19374
group_7,11.10.2019,16256
group_7,12.10.2019,13041
group_7,13.10.2019,13504
group_7,14.10.2019,20038
group_7,15.10.2019,18515
group_7,16.10.2019,17063
group_7,17.10.2019,15252
group_7,18.10.2019,15889
group_7,19.10.2019,12786
group_7,20.10.2019,11948
group_7,21.10.2019,17807
group_7,22.10.2019,18117
group_7,23.10.2019,20458
group_7,24.10.2019,18563
group_7,25.10.2019,14245
group_7,26.10.2019,11189
group_7,27.10.2019,9535
group_7,28.10.2019,13754
group_7,29.10.2019,12403
group_7,30.10.2019,14659
group_7,31.10.2019,15047
group_7,1.11.2019,16942
group_7,2.11.2019,10892
group_7,3.11.2019,10497
group_7,4.11.2019,15288
group_7,5.11.2019,17880
group_7,6.11.2019,18828
group_7,7.11.2019,17608
group_7,8.11.2019,13489
group_7,9.11.2019,9894
group_7,10.11.2019,14021
group_7,11.11.2019,20328
group_7,12.11.2019,19148
group_7,13.11.2019,17999
group_7,14.11.2019,17172
group_7,15.11.2019,13694
group_7,16.11.2019,10418
group_7,17.11.2019,11277
group_7,18.11.2019,15903
group_7,19.11.2019,14567
group_7,20.11.2019,17000
group_7,21.11.2019,15583
group_7,22.11.2019,16620
group_7,23.11.2019,11345
group_7,24.11.2019,12235
group_7,25.11.2019,20918
group_7,26.11.2019,16404
group_7,27.11.2019,18224
group_7,28.11.2019,15672
group_7,29.11.2019,12976
group_7,30.11.2019,9034
group_7,1.12.2019,15917
group_7,2.12.2019,18709
group_7,3.12.2019,19936
group_7,4.12.2019,18506
group_7,5.12.2019,19723
group_7,6.12.2019,17183
group_7,7.12.2019,14235
group_7,8.12.2019,14444
group_7,9.12.2019,20466
group_7,10.12.2019,21291
group_7,11.12.2019,22605
group_7,12.12.2019,18933
group_7,13.12.2019,15432
group_7,14.12.2019,11196
group_7,15.12.2019,12487
group_7,16.12.2019,16319
group_7,17.12.2019,16460
group_7,18.12.2019,15976
group_7,19.12.2019,19785
group_7,20.12.2019,17035
group_7,21.12.2019,12976
group_7,22.12.2019,19360
group_7,23.12.2019,31070
group_7,24.12.2019,29040
group_7,25.12.2019,26393
group_7,26.12.2019,27251
group_7,27.12.2019,25434
group_7,28.12.2019,21986
group_7,29.12.2019,18550
group_7,30.12.2019,23305
group_7,31.12.2019,18428
group_7,1.01.2020,21449
group_7,2.01.2020,24455
group_7,3.01.2020,21526
group_7,4.01.2020,16514
group_7,5.01.2020,18214
group_7,6.01.2020,24001
group_7,7.01.2020,23269
group_7,8.01.2020,19993
group_7,9.01.2020,20550
group_7,10.01.2020,16323
group_7,11.01.2020,11912
group_7,12.01.2020,13795
group_7,13.01.2020,19386
group_7,14.01.2020,19723
group_7,15.01.2020,19277
group_7,16.01.2020,19028
group_7,17.01.2020,16314
group_7,18.01.2020,13537
group_7,19.01.2020,13101
group_7,20.01.2020,16800
group_7,21.01.2020,17586
group_7,22.01.2020,19542
group_7,23.01.2020,21916
group_7,24.01.2020,16616
group_7,25.01.2020,12034
group_7,26.01.2020,13652
group_7,27.01.2020,21685
group_7,28.01.2020,24601
group_7,29.01.2020,25366
group_7,30.01.2020,25268
group_7,31.01.2020,20183
group_7,1.02.2020,16829
group_7,2.02.2020,14853
group_7,3.02.2020,23144
group_7,4.02.2020,22153
group_7,5.02.2020,19627
group_7,6.02.2020,22755
group_7,7.02.2020,17221
group_7,8.02.2020,13198
group_7,9.02.2020,14492
group_7,10.02.2020,20102
group_7,11.02.2020,22538
group_7,12.02.2020,16251
group_7,13.02.2020,200
group_7,14.02.2020,117
group_7,15.02.2020,155
group_7,16.02.2020,123
group_7,17.02.2020,141
group_7,18.02.2020,79